fpl_id,opta_id,gameweek,team_h_fpl_id,team_h_opta_id,team_h_name,team_h_short_name,team_a_fpl_id,team_a_opta_id,team_a_name,team_a_short_name,team_h_score,team_a_score,kickoff_time,finished,started,team_h_difficulty,team_a_difficulty
307,2562201,,13,43,Man City,MCI,8,31,Crystal Palace,CRY,,,,False,,3,5
1,2561895,1,12,14,Liverpool,LIV,4,91,Bournemouth,BOU,4,2,2025-08-15T19:00:00Z,True,True,3,4
2,2561896,1,2,7,Aston Villa,AVL,15,4,Newcastle,NEW,0,0,2025-08-16T11:30:00Z,True,True,3,4
3,2561897,1,6,36,Brighton,BHA,10,54,Fulham,FUL,1,1,2025-08-16T14:00:00Z,True,True,3,4
6,2561900,1,18,6,Spurs,TOT,3,90,Burnley,BUR,3,0,2025-08-16T14:00:00Z,True,True,1,2
5,2561899,1,17,56,Sunderland,SUN,19,21,West Ham,WHU,3,0,2025-08-16T14:00:00Z,True,True,2,3
7,2561901,1,20,39,Wolves,WOL,13,43,Man City,MCI,0,4,2025-08-16T16:30:00Z,True,True,4,2
8,2561902,1,7,8,Chelsea,CHE,8,31,Crystal Palace,CRY,0,0,2025-08-17T13:00:00Z,True,True,3,3
4,2561898,1,16,17,Nott'm Forest,NFO,5,94,Brentford,BRE,3,1,2025-08-17T13:00:00Z,True,True,3,3
9,2561903,1,14,1,Man Utd,MUN,1,3,Arsenal,ARS,0,1,2025-08-17T15:30:00Z,True,True,4,4
10,2561904,1,11,2,Leeds,LEE,9,11,Everton,EVE,1,0,2025-08-18T19:00:00Z,True,True,3,3
20,2561914,2,19,21,West Ham,WHU,7,8,Chelsea,CHE,1,5,2025-08-22T19:00:00Z,True,True,3,2
18,2561912,2,13,43,Man City,MCI,18,6,Spurs,TOT,0,2,2025-08-23T11:30:00Z,True,True,2,5
12,2561905,2,4,91,Bournemouth,BOU,20,39,Wolves,WOL,1,0,2025-08-23T14:00:00Z,True,True,1,3
13,2561907,2,5,94,Brentford,BRE,2,7,Aston Villa,AVL,1,0,2025-08-23T14:00:00Z,True,True,3,3
14,2561908,2,3,90,Burnley,BUR,17,56,Sunderland,SUN,2,0,2025-08-23T14:00:00Z,True,True,2,2
11,2561906,2,1,3,Arsenal,ARS,11,2,Leeds,LEE,5,0,2025-08-23T16:30:00Z,True,True,2,5
15,2561909,2,8,31,Crystal Palace,CRY,16,17,Nott'm Forest,NFO,1,1,2025-08-24T13:00:00Z,True,True,2,3
16,2561910,2,9,11,Everton,EVE,6,36,Brighton,BHA,2,0,2025-08-24T13:00:00Z,True,True,3,3
17,2561911,2,10,54,Fulham,FUL,14,1,Man Utd,MUN,1,1,2025-08-24T15:30:00Z,True,True,3,3
19,2561913,2,15,4,Newcastle,NEW,12,14,Liverpool,LIV,2,3,2025-08-25T19:00:00Z,True,True,3,3
23,2561917,3,7,8,Chelsea,CHE,10,54,Fulham,FUL,2,0,2025-08-30T11:30:00Z,True,True,3,3
26,2561920,3,14,1,Man Utd,MUN,3,90,Burnley,BUR,3,2,2025-08-30T14:00:00Z,True,True,1,4
29,2561923,3,18,6,Spurs,TOT,4,91,Bournemouth,BOU,0,1,2025-08-30T14:00:00Z,True,True,3,2
28,2561922,3,17,56,Sunderland,SUN,5,94,Brentford,BRE,2,1,2025-08-30T14:00:00Z,True,True,3,3
30,2561924,3,20,39,Wolves,WOL,9,11,Everton,EVE,2,3,2025-08-30T14:00:00Z,True,True,3,2
24,2561918,3,11,2,Leeds,LEE,15,4,Newcastle,NEW,0,0,2025-08-30T16:30:00Z,True,True,3,3
22,2561916,3,6,36,Brighton,BHA,13,43,Man City,MCI,2,1,2025-08-31T13:00:00Z,True,True,4,4
27,2561921,3,16,17,Nott'm Forest,NFO,19,21,West Ham,WHU,0,3,2025-08-31T13:00:00Z,True,True,2,3
25,2561919,3,12,14,Liverpool,LIV,1,3,Arsenal,ARS,1,0,2025-08-31T15:30:00Z,True,True,4,4
21,2561915,3,2,7,Aston Villa,AVL,8,31,Crystal Palace,CRY,0,3,2025-08-31T18:00:00Z,True,True,3,4
31,2561926,4,1,3,Arsenal,ARS,16,17,Nott'm Forest,NFO,3,0,2025-09-13T11:30:00Z,True,True,2,5
32,2561925,4,4,91,Bournemouth,BOU,6,36,Brighton,BHA,2,1,2025-09-13T14:00:00Z,True,True,3,3
35,2561929,4,8,31,Crystal Palace,CRY,17,56,Sunderland,SUN,0,0,2025-09-13T14:00:00Z,True,True,2,3
36,2561930,4,9,11,Everton,EVE,2,7,Aston Villa,AVL,0,0,2025-09-13T14:00:00Z,True,True,3,3
37,2561931,4,10,54,Fulham,FUL,11,2,Leeds,LEE,1,0,2025-09-13T14:00:00Z,True,True,2,3
39,2561933,4,15,4,Newcastle,NEW,20,39,Wolves,WOL,1,0,2025-09-13T14:00:00Z,True,True,1,3
40,2561934,4,19,21,West Ham,WHU,18,6,Spurs,TOT,0,3,2025-09-13T16:30:00Z,True,True,2,2
33,2561927,4,5,94,Brentford,BRE,7,8,Chelsea,CHE,2,2,2025-09-13T19:00:00Z,True,True,3,3
34,2561928,4,3,90,Burnley,BUR,12,14,Liverpool,LIV,0,1,2025-09-14T13:00:00Z,True,True,3,2
38,2561932,4,13,43,Man City,MCI,14,1,Man Utd,MUN,3,0,2025-09-14T15:30:00Z,True,True,3,5
46,2561940,5,12,14,Liverpool,LIV,9,11,Everton,EVE,2,1,2025-09-20T11:30:00Z,True,True,3,4
43,2561937,5,6,36,Brighton,BHA,18,6,Spurs,TOT,2,2,2025-09-20T14:00:00Z,True,True,2,4
44,2561938,5,3,90,Burnley,BUR,16,17,Nott'm Forest,NFO,1,1,2025-09-20T14:00:00Z,True,True,2,2
49,2561943,5,19,21,West Ham,WHU,8,31,Crystal Palace,CRY,1,2,2025-09-20T14:00:00Z,True,True,3,2
50,2561944,5,20,39,Wolves,WOL,11,2,Leeds,LEE,1,3,2025-09-20T14:00:00Z,True,True,2,2
47,2561941,5,14,1,Man Utd,MUN,7,8,Chelsea,CHE,2,1,2025-09-20T16:30:00Z,True,True,3,4
45,2561939,5,10,54,Fulham,FUL,5,94,Brentford,BRE,3,1,2025-09-20T19:00:00Z,True,True,3,3
42,2561935,5,4,91,Bournemouth,BOU,15,4,Newcastle,NEW,0,0,2025-09-21T13:00:00Z,True,True,3,3
48,2561942,5,17,56,Sunderland,SUN,2,7,Aston Villa,AVL,1,1,2025-09-21T13:00:00Z,True,True,3,3
41,2561936,5,1,3,Arsenal,ARS,13,43,Man City,MCI,1,1,2025-09-21T15:30:00Z,True,True,4,5
52,2561946,6,5,94,Brentford,BRE,14,1,Man Utd,MUN,3,1,2025-09-27T11:30:00Z,True,True,3,3
53,2561947,6,7,8,Chelsea,CHE,6,36,Brighton,BHA,1,3,2025-09-27T14:00:00Z,True,True,3,3
54,2561948,6,8,31,Crystal Palace,CRY,12,14,Liverpool,LIV,2,1,2025-09-27T14:00:00Z,True,True,3,3
56,2561950,6,11,2,Leeds,LEE,4,91,Bournemouth,BOU,2,2,2025-09-27T14:00:00Z,True,True,3,3
57,2561951,6,13,43,Man City,MCI,3,90,Burnley,BUR,5,1,2025-09-27T14:00:00Z,True,True,1,5
59,2561953,6,16,17,Nott'm Forest,NFO,17,56,Sunderland,SUN,0,1,2025-09-27T16:30:00Z,True,True,2,3
60,2561954,6,18,6,Spurs,TOT,20,39,Wolves,WOL,1,1,2025-09-27T19:00:00Z,True,True,1,2
51,2561945,6,2,7,Aston Villa,AVL,10,54,Fulham,FUL,3,1,2025-09-28T13:00:00Z,True,True,3,4
58,2561952,6,15,4,Newcastle,NEW,1,3,Arsenal,ARS,1,2,2025-09-28T15:30:00Z,True,True,4,3
55,2561949,6,9,11,Everton,EVE,19,21,West Ham,WHU,1,1,2025-09-29T19:00:00Z,True,True,2,3
63,2561955,7,4,91,Bournemouth,BOU,10,54,Fulham,FUL,3,1,2025-10-03T19:00:00Z,True,True,3,3
67,2561961,7,11,2,Leeds,LEE,18,6,Spurs,TOT,1,2,2025-10-04T11:30:00Z,True,True,2,3
61,2561956,7,1,3,Arsenal,ARS,19,21,West Ham,WHU,2,0,2025-10-04T14:00:00Z,True,True,2,5
68,2561962,7,14,1,Man Utd,MUN,17,56,Sunderland,SUN,2,0,2025-10-04T14:00:00Z,True,True,2,4
65,2561959,7,7,8,Chelsea,CHE,12,14,Liverpool,LIV,2,1,2025-10-04T16:30:00Z,True,True,3,3
62,2561957,7,2,7,Aston Villa,AVL,3,90,Burnley,BUR,2,1,2025-10-05T13:00:00Z,True,True,1,4
66,2561960,7,9,11,Everton,EVE,8,31,Crystal Palace,CRY,2,1,2025-10-05T13:00:00Z,True,True,3,3
69,2561963,7,15,4,Newcastle,NEW,16,17,Nott'm Forest,NFO,2,0,2025-10-05T13:00:00Z,True,True,2,3
70,2561964,7,20,39,Wolves,WOL,6,36,Brighton,BHA,1,1,2025-10-05T13:00:00Z,True,True,3,2
64,2561958,7,5,94,Brentford,BRE,13,43,Man City,MCI,0,1,2025-10-05T15:30:00Z,True,True,4,3
77,2561971,8,16,17,Nott'm Forest,NFO,7,8,Chelsea,CHE,0,3,2025-10-18T11:30:00Z,True,True,3,3
71,2561965,8,6,36,Brighton,BHA,15,4,Newcastle,NEW,2,1,2025-10-18T14:00:00Z,True,True,3,4
72,2561966,8,3,90,Burnley,BUR,11,2,Leeds,LEE,2,0,2025-10-18T14:00:00Z,True,True,2,2
73,2561967,8,8,31,Crystal Palace,CRY,4,91,Bournemouth,BOU,3,3,2025-10-18T14:00:00Z,True,True,3,3
76,2561970,8,13,43,Man City,MCI,9,11,Everton,EVE,2,0,2025-10-18T14:00:00Z,True,True,3,5
78,2561972,8,17,56,Sunderland,SUN,20,39,Wolves,WOL,2,0,2025-10-18T14:00:00Z,True,True,1,3
74,2561968,8,10,54,Fulham,FUL,1,3,Arsenal,ARS,0,1,2025-10-18T16:30:00Z,True,True,4,3
79,2561973,8,18,6,Spurs,TOT,2,7,Aston Villa,AVL,1,2,2025-10-19T13:00:00Z,True,True,3,2
75,2561969,8,12,14,Liverpool,LIV,14,1,Man Utd,MUN,1,2,2025-10-19T15:30:00Z,True,True,3,4
80,2561974,8,19,21,West Ham,WHU,5,94,Brentford,BRE,0,2,2025-10-20T19:00:00Z,True,True,3,2
87,2561981,9,11,2,Leeds,LEE,19,21,West Ham,WHU,2,1,2025-10-24T19:00:00Z,True,True,2,3
85,2561979,9,7,8,Chelsea,CHE,17,56,Sunderland,SUN,1,2,2025-10-25T14:00:00Z,True,True,2,3
89,2561983,9,15,4,Newcastle,NEW,10,54,Fulham,FUL,2,1,2025-10-25T14:00:00Z,True,True,3,3
88,2561982,9,14,1,Man Utd,MUN,6,36,Brighton,BHA,4,2,2025-10-25T16:30:00Z,True,True,3,4
84,2561978,9,5,94,Brentford,BRE,12,14,Liverpool,LIV,3,2,2025-10-25T19:00:00Z,True,True,3,3
81,2561976,9,1,3,Arsenal,ARS,8,31,Crystal Palace,CRY,1,0,2025-10-26T14:00:00Z,True,True,3,5
82,2561977,9,2,7,Aston Villa,AVL,13,43,Man City,MCI,1,0,2025-10-26T14:00:00Z,True,True,4,4
83,2561975,9,4,91,Bournemouth,BOU,16,17,Nott'm Forest,NFO,2,0,2025-10-26T14:00:00Z,True,True,2,3
90,2561984,9,20,39,Wolves,WOL,3,90,Burnley,BUR,2,3,2025-10-26T14:00:00Z,True,True,1,2
86,2561980,9,9,11,Everton,EVE,18,6,Spurs,TOT,0,3,2025-10-26T16:30:00Z,True,True,2,3
91,2561985,10,6,36,Brighton,BHA,11,2,Leeds,LEE,3,0,2025-11-01T15:00:00Z,True,True,2,4
92,2561986,10,3,90,Burnley,BUR,1,3,Arsenal,ARS,0,2,2025-11-01T15:00:00Z,True,True,4,2
93,2561987,10,8,31,Crystal Palace,CRY,5,94,Brentford,BRE,2,0,2025-11-01T15:00:00Z,True,True,3,3
94,2561988,10,10,54,Fulham,FUL,20,39,Wolves,WOL,3,0,2025-11-01T15:00:00Z,True,True,1,3
97,2561991,10,16,17,Nott'm Forest,NFO,14,1,Man Utd,MUN,2,2,2025-11-01T15:00:00Z,True,True,3,3
99,2561993,10,18,6,Spurs,TOT,7,8,Chelsea,CHE,0,1,2025-11-01T17:30:00Z,True,True,3,2
95,2561989,10,12,14,Liverpool,LIV,2,7,Aston Villa,AVL,2,0,2025-11-01T20:00:00Z,True,True,3,4
100,2561994,10,19,21,West Ham,WHU,15,4,Newcastle,NEW,3,1,2025-11-02T14:00:00Z,True,True,3,2
96,2561990,10,13,43,Man City,MCI,4,91,Bournemouth,BOU,3,1,2025-11-02T16:30:00Z,True,True,3,5
98,2561992,10,17,56,Sunderland,SUN,9,11,Everton,EVE,1,1,2025-11-03T20:00:00Z,True,True,3,3
109,2562003,11,18,6,Spurs,TOT,14,1,Man Utd,MUN,2,2,2025-11-08T12:30:00Z,True,True,3,2
105,2561999,11,9,11,Everton,EVE,10,54,Fulham,FUL,2,0,2025-11-08T15:00:00Z,True,True,3,3
110,2562004,11,19,21,West Ham,WHU,3,90,Burnley,BUR,3,2,2025-11-08T15:00:00Z,True,True,1,2
108,2562002,11,17,56,Sunderland,SUN,1,3,Arsenal,ARS,2,2,2025-11-08T17:30:00Z,True,True,4,3
103,2561997,11,7,8,Chelsea,CHE,20,39,Wolves,WOL,3,0,2025-11-08T20:00:00Z,True,True,1,3
101,2561995,11,2,7,Aston Villa,AVL,4,91,Bournemouth,BOU,4,0,2025-11-09T14:00:00Z,True,True,3,4
102,2561996,11,5,94,Brentford,BRE,15,4,Newcastle,NEW,3,1,2025-11-09T14:00:00Z,True,True,3,3
104,2561998,11,8,31,Crystal Palace,CRY,6,36,Brighton,BHA,0,0,2025-11-09T14:00:00Z,True,True,3,3
107,2562001,11,16,17,Nott'm Forest,NFO,11,2,Leeds,LEE,3,1,2025-11-09T14:00:00Z,True,True,2,3
106,2562000,11,13,43,Man City,MCI,12,14,Liverpool,LIV,3,0,2025-11-09T16:30:00Z,True,True,3,5
114,2562008,12,3,90,Burnley,BUR,7,8,Chelsea,CHE,0,2,2025-11-22T12:30:00Z,True,True,3,2
112,2562005,12,4,91,Bournemouth,BOU,19,21,West Ham,WHU,2,2,2025-11-22T15:00:00Z,True,True,2,3
113,2562007,12,6,36,Brighton,BHA,5,94,Brentford,BRE,2,1,2025-11-22T15:00:00Z,True,True,3,4
115,2562009,12,10,54,Fulham,FUL,17,56,Sunderland,SUN,1,0,2025-11-22T15:00:00Z,True,True,2,3
117,2562011,12,12,14,Liverpool,LIV,16,17,Nott'm Forest,NFO,0,3,2025-11-22T15:00:00Z,True,True,2,4
120,2562014,12,20,39,Wolves,WOL,8,31,Crystal Palace,CRY,0,2,2025-11-22T15:00:00Z,True,True,3,2
119,2562013,12,15,4,Newcastle,NEW,13,43,Man City,MCI,2,1,2025-11-22T17:30:00Z,True,True,4,3
116,2562010,12,11,2,Leeds,LEE,2,7,Aston Villa,AVL,1,2,2025-11-23T14:00:00Z,True,True,3,3
111,2562006,12,1,3,Arsenal,ARS,18,6,Spurs,TOT,4,1,2025-11-23T16:30:00Z,True,True,2,5
118,2562012,12,14,1,Man Utd,MUN,9,11,Everton,EVE,0,1,2025-11-24T20:00:00Z,True,True,3,4
122,2562016,13,5,94,Brentford,BRE,3,90,Burnley,BUR,3,1,2025-11-29T15:00:00Z,True,True,1,3
126,2562020,13,13,43,Man City,MCI,11,2,Leeds,LEE,3,2,2025-11-29T15:00:00Z,True,True,2,5
128,2562022,13,17,56,Sunderland,SUN,4,91,Bournemouth,BOU,3,2,2025-11-29T15:00:00Z,True,True,3,3
125,2562019,13,9,11,Everton,EVE,15,4,Newcastle,NEW,1,4,2025-11-29T17:30:00Z,True,True,3,3
129,2562023,13,18,6,Spurs,TOT,10,54,Fulham,FUL,1,2,2025-11-29T20:00:00Z,True,True,3,2
124,2562018,13,8,31,Crystal Palace,CRY,14,1,Man Utd,MUN,1,2,2025-11-30T12:00:00Z,True,True,3,3
121,2562015,13,2,7,Aston Villa,AVL,20,39,Wolves,WOL,1,0,2025-11-30T14:05:00Z,True,True,1,4
127,2562021,13,16,17,Nott'm Forest,NFO,6,36,Brighton,BHA,0,2,2025-11-30T14:05:00Z,True,True,3,3
130,2562024,13,19,21,West Ham,WHU,12,14,Liverpool,LIV,0,2,2025-11-30T14:05:00Z,True,True,3,2
123,2562017,13,7,8,Chelsea,CHE,1,3,Arsenal,ARS,1,1,2025-11-30T16:30:00Z,True,True,4,3
132,2562025,14,4,91,Bournemouth,BOU,9,11,Everton,EVE,0,1,2025-12-02T19:30:00Z,True,True,3,3
135,2562029,14,10,54,Fulham,FUL,13,43,Man City,MCI,4,5,2025-12-02T19:30:00Z,True,True,4,3
139,2562033,14,15,4,Newcastle,NEW,18,6,Spurs,TOT,2,2,2025-12-02T20:15:00Z,True,True,2,3
131,2562026,14,1,3,Arsenal,ARS,5,94,Brentford,BRE,2,0,2025-12-03T19:30:00Z,True,True,3,5
133,2562027,14,6,36,Brighton,BHA,2,7,Aston Villa,AVL,3,4,2025-12-03T19:30:00Z,True,True,3,4
134,2562028,14,3,90,Burnley,BUR,8,31,Crystal Palace,CRY,0,1,2025-12-03T19:30:00Z,True,True,3,2
140,2562034,14,20,39,Wolves,WOL,16,17,Nott'm Forest,NFO,0,1,2025-12-03T19:30:00Z,True,True,2,2
136,2562030,14,11,2,Leeds,LEE,7,8,Chelsea,CHE,3,1,2025-12-03T20:15:00Z,True,True,3,3
137,2562031,14,12,14,Liverpool,LIV,17,56,Sunderland,SUN,1,1,2025-12-03T20:15:00Z,True,True,2,4
138,2562032,14,14,1,Man Utd,MUN,19,21,West Ham,WHU,1,1,2025-12-04T20:00:00Z,True,True,2,4
141,2562036,15,2,7,Aston Villa,AVL,1,3,Arsenal,ARS,2,1,2025-12-06T12:30:00Z,True,True,4,4
142,2562035,15,4,91,Bournemouth,BOU,7,8,Chelsea,CHE,0,0,2025-12-06T15:00:00Z,True,True,3,3
144,2562038,15,9,11,Everton,EVE,16,17,Nott'm Forest,NFO,3,0,2025-12-06T15:00:00Z,True,True,2,3
147,2562041,15,13,43,Man City,MCI,17,56,Sunderland,SUN,3,0,2025-12-06T15:00:00Z,True,True,2,5
148,2562042,15,15,4,Newcastle,NEW,3,90,Burnley,BUR,2,1,2025-12-06T15:00:00Z,True,True,1,3
149,2562043,15,18,6,Spurs,TOT,5,94,Brentford,BRE,2,0,2025-12-06T15:00:00Z,True,True,3,2
146,2562040,15,11,2,Leeds,LEE,12,14,Liverpool,LIV,3,3,2025-12-06T17:30:00Z,True,True,3,3
143,2562037,15,6,36,Brighton,BHA,19,21,West Ham,WHU,1,1,2025-12-07T14:00:00Z,True,True,2,4
145,2562039,15,10,54,Fulham,FUL,8,31,Crystal Palace,CRY,1,2,2025-12-07T16:30:00Z,True,True,3,3
150,2562044,15,20,39,Wolves,WOL,14,1,Man Utd,MUN,1,4,2025-12-08T20:00:00Z,True,True,3,2
154,2562048,16,7,8,Chelsea,CHE,9,11,Everton,EVE,2,0,2025-12-13T15:00:00Z,True,True,3,3
156,2562050,16,12,14,Liverpool,LIV,6,36,Brighton,BHA,2,0,2025-12-13T15:00:00Z,True,True,3,4
153,2562047,16,3,90,Burnley,BUR,10,54,Fulham,FUL,2,3,2025-12-13T17:30:00Z,True,True,3,2
151,2562045,16,1,3,Arsenal,ARS,20,39,Wolves,WOL,2,1,2025-12-13T20:00:00Z,True,True,1,5
155,2562049,16,8,31,Crystal Palace,CRY,13,43,Man City,MCI,0,3,2025-12-14T14:00:00Z,True,True,4,3
158,2562052,16,16,17,Nott'm Forest,NFO,18,6,Spurs,TOT,3,0,2025-12-14T14:00:00Z,True,True,2,3
159,2562053,16,17,56,Sunderland,SUN,15,4,Newcastle,NEW,1,0,2025-12-14T14:00:00Z,True,True,3,3
160,2562054,16,19,21,West Ham,WHU,2,7,Aston Villa,AVL,2,3,2025-12-14T14:00:00Z,True,True,3,2
152,2562046,16,5,94,Brentford,BRE,11,2,Leeds,LEE,1,1,2025-12-14T16:30:00Z,True,True,2,3
157,2562051,16,14,1,Man Utd,MUN,4,91,Bournemouth,BOU,4,4,2025-12-15T20:00:00Z,True,True,3,4
168,2562062,17,15,4,Newcastle,NEW,7,8,Chelsea,CHE,2,2,2025-12-20T12:30:00Z,True,True,3,3
162,2562055,17,4,91,Bournemouth,BOU,3,90,Burnley,BUR,1,1,2025-12-20T15:00:00Z,True,True,1,3
163,2562057,17,6,36,Brighton,BHA,17,56,Sunderland,SUN,0,0,2025-12-20T15:00:00Z,True,True,2,4
167,2562061,17,13,43,Man City,MCI,19,21,West Ham,WHU,3,0,2025-12-20T15:00:00Z,True,True,2,5
170,2562064,17,20,39,Wolves,WOL,5,94,Brentford,BRE,0,2,2025-12-20T15:00:00Z,True,True,3,2
169,2562063,17,18,6,Spurs,TOT,12,14,Liverpool,LIV,1,2,2025-12-20T17:30:00Z,True,True,3,2
164,2562058,17,9,11,Everton,EVE,1,3,Arsenal,ARS,0,1,2025-12-20T20:00:00Z,True,True,4,3
166,2562060,17,11,2,Leeds,LEE,8,31,Crystal Palace,CRY,4,1,2025-12-20T20:00:00Z,True,True,3,3
161,2562056,17,2,7,Aston Villa,AVL,14,1,Man Utd,MUN,2,1,2025-12-21T16:30:00Z,True,True,3,4
165,2562059,17,10,54,Fulham,FUL,16,17,Nott'm Forest,NFO,1,0,2025-12-22T20:00:00Z,True,True,2,3
177,2562071,18,14,1,Man Utd,MUN,15,4,Newcastle,NEW,1,0,2025-12-26T20:00:00Z,True,True,3,4
178,2562072,18,16,17,Nott'm Forest,NFO,13,43,Man City,MCI,1,2,2025-12-27T12:30:00Z,True,True,4,3
171,2562065,18,1,3,Arsenal,ARS,6,36,Brighton,BHA,2,1,2025-12-27T15:00:00Z,True,True,3,5
172,2562066,18,5,94,Brentford,BRE,4,91,Bournemouth,BOU,4,1,2025-12-27T15:00:00Z,True,True,3,3
173,2562067,18,3,90,Burnley,BUR,9,11,Everton,EVE,0,0,2025-12-27T15:00:00Z,True,True,3,2
176,2562070,18,12,14,Liverpool,LIV,20,39,Wolves,WOL,2,1,2025-12-27T15:00:00Z,True,True,1,4
180,2562074,18,19,21,West Ham,WHU,10,54,Fulham,FUL,0,1,2025-12-27T15:00:00Z,True,True,3,2
174,2562068,18,7,8,Chelsea,CHE,2,7,Aston Villa,AVL,1,2,2025-12-27T17:30:00Z,True,True,3,3
179,2562073,18,17,56,Sunderland,SUN,11,2,Leeds,LEE,1,1,2025-12-28T14:00:00Z,True,True,2,3
175,2562069,18,8,31,Crystal Palace,CRY,18,6,Spurs,TOT,0,1,2025-12-28T16:30:00Z,True,True,2,3
183,2562077,19,3,90,Burnley,BUR,15,4,Newcastle,NEW,1,3,2025-12-30T19:30:00Z,True,True,3,2
184,2562078,19,7,8,Chelsea,CHE,4,91,Bournemouth,BOU,2,2,2025-12-30T19:30:00Z,True,True,3,3
188,2562082,19,16,17,Nott'm Forest,NFO,9,11,Everton,EVE,0,2,2025-12-30T19:30:00Z,True,True,3,3
190,2562084,19,19,21,West Ham,WHU,6,36,Brighton,BHA,2,2,2025-12-30T19:30:00Z,True,True,3,2
181,2562075,19,1,3,Arsenal,ARS,2,7,Aston Villa,AVL,4,1,2025-12-30T20:15:00Z,True,True,3,5
187,2562081,19,14,1,Man Utd,MUN,20,39,Wolves,WOL,1,1,2025-12-30T20:15:00Z,True,True,1,4
185,2562079,19,8,31,Crystal Palace,CRY,10,54,Fulham,FUL,1,1,2026-01-01T17:30:00Z,True,True,3,3
186,2562080,19,12,14,Liverpool,LIV,11,2,Leeds,LEE,0,0,2026-01-01T17:30:00Z,True,True,2,4
182,2562076,19,5,94,Brentford,BRE,18,6,Spurs,TOT,0,0,2026-01-01T20:00:00Z,True,True,2,3
189,2562083,19,17,56,Sunderland,SUN,13,43,Man City,MCI,0,0,2026-01-01T20:00:00Z,True,True,4,3
191,2562086,20,2,7,Aston Villa,AVL,16,17,Nott'm Forest,NFO,3,1,2026-01-03T12:30:00Z,True,True,2,4
193,2562087,20,6,36,Brighton,BHA,3,90,Burnley,BUR,2,0,2026-01-03T15:00:00Z,True,True,1,4
200,2562094,20,20,39,Wolves,WOL,19,21,West Ham,WHU,3,0,2026-01-03T15:00:00Z,True,True,2,2
192,2562085,20,4,91,Bournemouth,BOU,1,3,Arsenal,ARS,2,3,2026-01-03T17:30:00Z,True,True,4,3
196,2562090,20,11,2,Leeds,LEE,14,1,Man Utd,MUN,1,1,2026-01-04T12:30:00Z,True,True,3,3
194,2562088,20,9,11,Everton,EVE,5,94,Brentford,BRE,2,4,2026-01-04T15:00:00Z,True,True,3,3
198,2562092,20,15,4,Newcastle,NEW,8,31,Crystal Palace,CRY,2,0,2026-01-04T15:00:00Z,True,True,3,3
199,2562093,20,18,6,Spurs,TOT,17,56,Sunderland,SUN,1,1,2026-01-04T15:00:00Z,True,True,2,2
195,2562089,20,10,54,Fulham,FUL,12,14,Liverpool,LIV,2,2,2026-01-04T15:15:00Z,True,True,3,3
197,2562091,20,13,43,Man City,MCI,7,8,Chelsea,CHE,1,1,2026-01-04T17:30:00Z,True,True,3,5
210,2562104,21,19,21,West Ham,WHU,16,17,Nott'm Forest,NFO,1,2,2026-01-06T20:00:00Z,True,True,2,2
202,2562095,21,4,91,Bournemouth,BOU,18,6,Spurs,TOT,3,2,2026-01-07T19:30:00Z,True,True,2,3
203,2562097,21,5,94,Brentford,BRE,17,56,Sunderland,SUN,3,0,2026-01-07T19:30:00Z,True,True,2,3
205,2562099,21,8,31,Crystal Palace,CRY,2,7,Aston Villa,AVL,0,0,2026-01-07T19:30:00Z,True,True,3,3
206,2562100,21,9,11,Everton,EVE,20,39,Wolves,WOL,1,1,2026-01-07T19:30:00Z,True,True,1,3
207,2562101,21,10,54,Fulham,FUL,7,8,Chelsea,CHE,2,1,2026-01-07T19:30:00Z,True,True,3,3
208,2562102,21,13,43,Man City,MCI,6,36,Brighton,BHA,1,1,2026-01-07T19:30:00Z,True,True,3,5
204,2562098,21,3,90,Burnley,BUR,14,1,Man Utd,MUN,2,2,2026-01-07T20:15:00Z,True,True,3,2
209,2562103,21,15,4,Newcastle,NEW,11,2,Leeds,LEE,4,3,2026-01-07T20:15:00Z,True,True,2,3
201,2562096,21,1,3,Arsenal,ARS,12,14,Liverpool,LIV,0,0,2026-01-08T20:00:00Z,True,True,3,5
216,2562110,22,14,1,Man Utd,MUN,13,43,Man City,MCI,2,0,2026-01-17T12:30:00Z,True,True,4,4
213,2562107,22,7,8,Chelsea,CHE,5,94,Brentford,BRE,2,0,2026-01-17T15:00:00Z,True,True,3,3
214,2562108,22,11,2,Leeds,LEE,10,54,Fulham,FUL,1,0,2026-01-17T15:00:00Z,True,True,3,3
215,2562109,22,12,14,Liverpool,LIV,3,90,Burnley,BUR,1,1,2026-01-17T15:00:00Z,True,True,1,4
219,2562113,22,18,6,Spurs,TOT,19,21,West Ham,WHU,1,2,2026-01-17T15:00:00Z,True,True,2,2
218,2562112,22,17,56,Sunderland,SUN,8,31,Crystal Palace,CRY,2,1,2026-01-17T15:00:00Z,True,True,3,3
217,2562111,22,16,17,Nott'm Forest,NFO,1,3,Arsenal,ARS,0,0,2026-01-17T17:30:00Z,True,True,4,3
220,2562114,22,20,39,Wolves,WOL,15,4,Newcastle,NEW,0,0,2026-01-18T14:00:00Z,True,True,3,2
211,2562105,22,2,7,Aston Villa,AVL,9,11,Everton,EVE,0,1,2026-01-18T16:30:00Z,True,True,3,4
212,2562106,22,6,36,Brighton,BHA,4,91,Bournemouth,BOU,1,1,2026-01-19T20:00:00Z,True,True,3,4
230,2562124,23,19,21,West Ham,WHU,17,56,Sunderland,SUN,3,1,2026-01-24T12:30:00Z,True,True,2,2
224,2562118,23,3,90,Burnley,BUR,18,6,Spurs,TOT,2,2,2026-01-24T15:00:00Z,True,True,2,2
227,2562121,23,10,54,Fulham,FUL,6,36,Brighton,BHA,2,1,2026-01-24T15:00:00Z,True,True,3,3
228,2562122,23,13,43,Man City,MCI,20,39,Wolves,WOL,2,0,2026-01-24T15:00:00Z,True,True,1,5
222,2562115,23,4,91,Bournemouth,BOU,12,14,Liverpool,LIV,3,2,2026-01-24T17:30:00Z,True,True,3,3
223,2562117,23,5,94,Brentford,BRE,16,17,Nott'm Forest,NFO,0,2,2026-01-25T14:00:00Z,True,True,2,3
225,2562119,23,8,31,Crystal Palace,CRY,7,8,Chelsea,CHE,1,3,2026-01-25T14:00:00Z,True,True,3,3
229,2562123,23,15,4,Newcastle,NEW,2,7,Aston Villa,AVL,0,2,2026-01-25T14:00:00Z,True,True,3,3
221,2562116,23,1,3,Arsenal,ARS,14,1,Man Utd,MUN,2,3,2026-01-25T16:30:00Z,True,True,3,5
226,2562120,23,9,11,Everton,EVE,11,2,Leeds,LEE,1,1,2026-01-26T20:00:00Z,True,True,2,3
232,2562126,24,6,36,Brighton,BHA,9,11,Everton,EVE,1,1,2026-01-31T15:00:00Z,True,True,3,4
234,2562128,24,11,2,Leeds,LEE,1,3,Arsenal,ARS,0,4,2026-01-31T15:00:00Z,True,True,4,3
240,2562134,24,20,39,Wolves,WOL,4,91,Bournemouth,BOU,0,2,2026-01-31T15:00:00Z,True,True,3,2
233,2562127,24,7,8,Chelsea,CHE,19,21,West Ham,WHU,3,2,2026-01-31T17:30:00Z,True,True,2,3
235,2562129,24,12,14,Liverpool,LIV,15,4,Newcastle,NEW,4,1,2026-01-31T20:00:00Z,True,True,3,4
231,2562125,24,2,7,Aston Villa,AVL,5,94,Brentford,BRE,0,1,2026-02-01T14:00:00Z,True,True,3,4
236,2562130,24,14,1,Man Utd,MUN,10,54,Fulham,FUL,3,2,2026-02-01T14:00:00Z,True,True,3,4
237,2562131,24,16,17,Nott'm Forest,NFO,8,31,Crystal Palace,CRY,1,1,2026-02-01T14:00:00Z,True,True,3,3
239,2562133,24,18,6,Spurs,TOT,13,43,Man City,MCI,2,2,2026-02-01T16:30:00Z,True,True,4,2
238,2562132,24,17,56,Sunderland,SUN,3,90,Burnley,BUR,3,0,2026-02-02T20:00:00Z,True,True,1,3
246,2562140,25,11,2,Leeds,LEE,16,17,Nott'm Forest,NFO,3,1,2026-02-06T20:00:00Z,True,True,2,3
248,2562142,25,14,1,Man Utd,MUN,18,6,Spurs,TOT,2,0,2026-02-07T12:30:00Z,True,True,2,4
241,2562136,25,1,3,Arsenal,ARS,17,56,Sunderland,SUN,3,0,2026-02-07T15:00:00Z,True,True,2,5
242,2562135,25,4,91,Bournemouth,BOU,2,7,Aston Villa,AVL,1,1,2026-02-07T15:00:00Z,True,True,3,3
244,2562138,25,3,90,Burnley,BUR,19,21,West Ham,WHU,0,2,2026-02-07T15:00:00Z,True,True,2,2
245,2562139,25,10,54,Fulham,FUL,9,11,Everton,EVE,1,2,2026-02-07T15:00:00Z,True,True,3,3
250,2562144,25,20,39,Wolves,WOL,7,8,Chelsea,CHE,1,3,2026-02-07T15:00:00Z,True,True,3,2
249,2562143,25,15,4,Newcastle,NEW,5,94,Brentford,BRE,2,3,2026-02-07T17:30:00Z,True,True,3,3
243,2562137,25,6,36,Brighton,BHA,8,31,Crystal Palace,CRY,0,1,2026-02-08T14:00:00Z,True,True,3,4
247,2562141,25,12,14,Liverpool,LIV,13,43,Man City,MCI,1,2,2026-02-08T16:30:00Z,True,True,4,4
253,2562147,26,7,8,Chelsea,CHE,11,2,Leeds,LEE,2,2,2026-02-10T19:30:00Z,True,True,2,3
255,2562149,26,9,11,Everton,EVE,4,91,Bournemouth,BOU,1,2,2026-02-10T19:30:00Z,True,True,3,3
259,2562153,26,18,6,Spurs,TOT,15,4,Newcastle,NEW,1,2,2026-02-10T19:30:00Z,True,True,3,2
260,2562154,26,19,21,West Ham,WHU,14,1,Man Utd,MUN,1,1,2026-02-10T20:15:00Z,True,True,3,2
251,2562145,26,2,7,Aston Villa,AVL,6,36,Brighton,BHA,1,0,2026-02-11T19:30:00Z,True,True,3,4
256,2562150,26,13,43,Man City,MCI,10,54,Fulham,FUL,3,0,2026-02-11T19:30:00Z,True,True,3,5
257,2562151,26,16,17,Nott'm Forest,NFO,20,39,Wolves,WOL,0,0,2026-02-11T19:30:00Z,True,True,1,3
254,2562148,26,8,31,Crystal Palace,CRY,3,90,Burnley,BUR,2,3,2026-02-11T19:40:00Z,True,True,1,3
258,2562152,26,17,56,Sunderland,SUN,12,14,Liverpool,LIV,0,1,2026-02-11T20:15:00Z,True,True,3,3
252,2562146,26,5,94,Brentford,BRE,1,3,Arsenal,ARS,1,1,2026-02-12T20:00:00Z,True,True,4,3
310,2562204,26,20,39,Wolves,WOL,1,3,Arsenal,ARS,2,2,2026-02-18T20:00:00Z,True,True,4,2
261,2562155,27,2,7,Aston Villa,AVL,11,2,Leeds,LEE,1,1,2026-02-21T15:00:00Z,True,True,2,4
262,2562156,27,5,94,Brentford,BRE,6,36,Brighton,BHA,0,2,2026-02-21T15:00:00Z,True,True,3,3
263,2562157,27,7,8,Chelsea,CHE,3,90,Burnley,BUR,1,1,2026-02-21T15:00:00Z,True,True,1,3
270,2562164,27,19,21,West Ham,WHU,4,91,Bournemouth,BOU,0,0,2026-02-21T17:30:00Z,True,True,3,2
266,2562160,27,13,43,Man City,MCI,15,4,Newcastle,NEW,2,1,2026-02-21T20:00:00Z,True,True,3,5
264,2562158,27,8,31,Crystal Palace,CRY,20,39,Wolves,WOL,1,0,2026-02-22T14:00:00Z,True,True,1,3
267,2562161,27,16,17,Nott'm Forest,NFO,12,14,Liverpool,LIV,0,1,2026-02-22T14:00:00Z,True,True,3,3
268,2562162,27,17,56,Sunderland,SUN,10,54,Fulham,FUL,1,3,2026-02-22T14:00:00Z,True,True,3,3
269,2562163,27,18,6,Spurs,TOT,1,3,Arsenal,ARS,1,4,2026-02-22T16:30:00Z,True,True,4,2
265,2562159,27,9,11,Everton,EVE,14,1,Man Utd,MUN,0,1,2026-02-23T20:00:00Z,True,True,3,3
280,2562174,28,20,39,Wolves,WOL,2,7,Aston Villa,AVL,2,0,2026-02-27T20:00:00Z,True,True,3,2
272,2562165,28,4,91,Bournemouth,BOU,17,56,Sunderland,SUN,1,1,2026-02-28T12:30:00Z,True,True,2,3
274,2562168,28,3,90,Burnley,BUR,5,94,Brentford,BRE,3,4,2026-02-28T15:00:00Z,True,True,3,2
277,2562171,28,12,14,Liverpool,LIV,19,21,West Ham,WHU,5,2,2026-02-28T15:00:00Z,True,True,2,4
279,2562173,28,15,4,Newcastle,NEW,9,11,Everton,EVE,2,3,2026-02-28T15:00:00Z,True,True,3,3
276,2562170,28,11,2,Leeds,LEE,13,43,Man City,MCI,0,1,2026-02-28T17:30:00Z,True,True,4,3
273,2562167,28,6,36,Brighton,BHA,16,17,Nott'm Forest,NFO,2,1,2026-03-01T14:00:00Z,True,True,2,4
275,2562169,28,10,54,Fulham,FUL,18,6,Spurs,TOT,2,1,2026-03-01T14:00:00Z,True,True,2,3
278,2562172,28,14,1,Man Utd,MUN,8,31,Crystal Palace,CRY,2,1,2026-03-01T14:00:00Z,True,True,3,4
271,2562166,28,1,3,Arsenal,ARS,7,8,Chelsea,CHE,2,1,2026-03-01T16:30:00Z,True,True,3,5
282,2562175,29,4,91,Bournemouth,BOU,5,94,Brentford,BRE,0,0,2026-03-03T19:30:00Z,True,True,3,3
284,2562178,29,9,11,Everton,EVE,3,90,Burnley,BUR,2,0,2026-03-03T19:30:00Z,True,True,1,3
286,2562180,29,11,2,Leeds,LEE,17,56,Sunderland,SUN,0,1,2026-03-03T19:30:00Z,True,True,2,3
290,2562184,29,20,39,Wolves,WOL,12,14,Liverpool,LIV,2,1,2026-03-03T20:15:00Z,True,True,3,2
281,2562176,29,2,7,Aston Villa,AVL,7,8,Chelsea,CHE,1,4,2026-03-04T19:30:00Z,True,True,3,4
283,2562177,29,6,36,Brighton,BHA,1,3,Arsenal,ARS,0,1,2026-03-04T19:30:00Z,True,True,4,4
285,2562179,29,10,54,Fulham,FUL,19,21,West Ham,WHU,0,1,2026-03-04T19:30:00Z,True,True,2,3
287,2562181,29,13,43,Man City,MCI,16,17,Nott'm Forest,NFO,2,2,2026-03-04T19:30:00Z,True,True,2,5
288,2562182,29,15,4,Newcastle,NEW,14,1,Man Utd,MUN,2,1,2026-03-04T20:15:00Z,True,True,3,3
289,2562183,29,18,6,Spurs,TOT,8,31,Crystal Palace,CRY,1,3,2026-03-05T20:00:00Z,True,True,3,2
293,2562187,30,3,90,Burnley,BUR,4,91,Bournemouth,BOU,0,0,2026-03-14T15:00:00Z,True,True,3,2
299,2562193,30,17,56,Sunderland,SUN,6,36,Brighton,BHA,0,1,2026-03-14T15:00:00Z,True,True,3,3
291,2562185,30,1,3,Arsenal,ARS,9,11,Everton,EVE,2,0,2026-03-14T17:30:00Z,True,True,3,5
294,2562188,30,7,8,Chelsea,CHE,15,4,Newcastle,NEW,0,1,2026-03-14T17:30:00Z,True,True,3,3
300,2562194,30,19,21,West Ham,WHU,13,43,Man City,MCI,1,1,2026-03-14T20:00:00Z,True,True,4,2
295,2562189,30,8,31,Crystal Palace,CRY,11,2,Leeds,LEE,0,0,2026-03-15T14:00:00Z,True,True,2,3
297,2562191,30,14,1,Man Utd,MUN,2,7,Aston Villa,AVL,3,1,2026-03-15T14:00:00Z,True,True,3,4
298,2562192,30,16,17,Nott'm Forest,NFO,10,54,Fulham,FUL,0,0,2026-03-15T14:00:00Z,True,True,3,3
296,2562190,30,12,14,Liverpool,LIV,18,6,Spurs,TOT,1,1,2026-03-15T16:30:00Z,True,True,2,4
292,2562186,30,5,94,Brentford,BRE,20,39,Wolves,WOL,2,2,2026-03-16T20:00:00Z,True,True,1,3
302,2562195,31,4,91,Bournemouth,BOU,14,1,Man Utd,MUN,2,2,2026-03-20T20:00:00Z,True,True,3,3
303,2562197,31,6,36,Brighton,BHA,12,14,Liverpool,LIV,2,1,2026-03-21T12:45:00Z,True,True,3,4
305,2562199,31,10,54,Fulham,FUL,3,90,Burnley,BUR,3,1,2026-03-21T15:00:00Z,True,True,1,3
304,2562198,31,9,11,Everton,EVE,7,8,Chelsea,CHE,3,0,2026-03-21T17:30:00Z,True,True,3,3
306,2562200,31,11,2,Leeds,LEE,5,94,Brentford,BRE,0,0,2026-03-21T20:00:00Z,True,True,3,3
308,2562202,31,15,4,Newcastle,NEW,17,56,Sunderland,SUN,1,2,2026-03-22T12:00:00Z,True,True,2,3
301,2562196,31,2,7,Aston Villa,AVL,19,21,West Ham,WHU,2,0,2026-03-22T14:15:00Z,True,True,2,4
309,2562203,31,18,6,Spurs,TOT,16,17,Nott'm Forest,NFO,0,3,2026-03-22T14:15:00Z,True,True,2,2
320,2562214,32,19,21,West Ham,WHU,20,39,Wolves,WOL,4,0,2026-04-10T19:00:00Z,True,True,1,2
311,2562205,32,1,3,Arsenal,ARS,4,91,Bournemouth,BOU,1,2,2026-04-11T11:30:00Z,True,True,3,5
312,2562206,32,5,94,Brentford,BRE,9,11,Everton,EVE,2,2,2026-04-11T14:00:00Z,True,True,3,3
313,2562207,32,3,90,Burnley,BUR,6,36,Brighton,BHA,0,2,2026-04-11T14:00:00Z,True,True,3,2
316,2562210,32,12,14,Liverpool,LIV,10,54,Fulham,FUL,2,0,2026-04-11T16:30:00Z,True,True,3,4
315,2562209,32,8,31,Crystal Palace,CRY,15,4,Newcastle,NEW,2,1,2026-04-12T13:00:00Z,True,True,3,3
318,2562212,32,16,17,Nott'm Forest,NFO,2,7,Aston Villa,AVL,1,1,2026-04-12T13:00:00Z,True,True,3,3
319,2562213,32,17,56,Sunderland,SUN,18,6,Spurs,TOT,1,0,2026-04-12T13:00:00Z,True,True,2,3
314,2562208,32,7,8,Chelsea,CHE,13,43,Man City,MCI,0,3,2026-04-12T15:30:00Z,True,True,4,3
317,2562211,32,14,1,Man Utd,MUN,11,2,Leeds,LEE,1,2,2026-04-13T19:00:00Z,True,True,2,4
322,2562216,33,5,94,Brentford,BRE,10,54,Fulham,FUL,,,2026-04-18T11:30:00Z,False,False,3,3
326,2562220,33,11,2,Leeds,LEE,20,39,Wolves,WOL,,,2026-04-18T14:00:00Z,False,False,1,3
328,2562222,33,15,4,Newcastle,NEW,4,91,Bournemouth,BOU,,,2026-04-18T14:00:00Z,False,False,3,3
330,2562224,33,18,6,Spurs,TOT,6,36,Brighton,BHA,,,2026-04-18T16:30:00Z,False,False,3,2
323,2562217,33,7,8,Chelsea,CHE,14,1,Man Utd,MUN,,,2026-04-18T19:00:00Z,False,False,3,3
321,2562215,33,2,7,Aston Villa,AVL,17,56,Sunderland,SUN,,,2026-04-19T13:00:00Z,False,False,2,4
325,2562219,33,9,11,Everton,EVE,12,14,Liverpool,LIV,,,2026-04-19T13:00:00Z,False,False,3,3
329,2562223,33,16,17,Nott'm Forest,NFO,3,90,Burnley,BUR,,,2026-04-19T13:00:00Z,False,False,1,3
327,2562221,33,13,43,Man City,MCI,1,3,Arsenal,ARS,,,2026-04-19T15:30:00Z,False,False,4,5
324,2562218,33,8,31,Crystal Palace,CRY,19,21,West Ham,WHU,,,2026-04-20T19:00:00Z,False,False,2,3
333,2562227,33,6,36,Brighton,BHA,7,8,Chelsea,CHE,,,2026-04-21T19:00:00Z,False,False,3,4
332,2562225,33,4,91,Bournemouth,BOU,11,2,Leeds,LEE,,,2026-04-22T19:00:00Z,False,False,2,3
334,2562228,33,3,90,Burnley,BUR,13,43,Man City,MCI,,,2026-04-22T19:00:00Z,False,False,4,2
338,2562232,34,17,56,Sunderland,SUN,16,17,Nott'm Forest,NFO,,,2026-04-24T19:00:00Z,False,False,2,3
335,2562229,34,10,54,Fulham,FUL,2,7,Aston Villa,AVL,,,2026-04-25T11:30:00Z,False,False,3,3
336,2562230,34,12,14,Liverpool,LIV,8,31,Crystal Palace,CRY,,,2026-04-25T14:00:00Z,False,False,3,4
339,2562233,34,19,21,West Ham,WHU,9,11,Everton,EVE,,,2026-04-25T14:00:00Z,False,False,3,2
340,2562234,34,20,39,Wolves,WOL,18,6,Spurs,TOT,,,2026-04-25T14:00:00Z,False,False,2,2
331,2562226,34,1,3,Arsenal,ARS,15,4,Newcastle,NEW,,,2026-04-25T16:30:00Z,False,False,3,5
337,2562231,34,14,1,Man Utd,MUN,5,94,Brentford,BRE,,,2026-04-27T19:00:00Z,False,False,3,4
347,2562241,35,11,2,Leeds,LEE,3,90,Burnley,BUR,,,2026-05-01T19:00:00Z,False,False,1,3
342,2562237,35,2,7,Aston Villa,AVL,18,6,Spurs,TOT,,,2026-05-02T11:30:00Z,False,False,2,4
343,2562235,35,4,91,Bournemouth,BOU,8,31,Crystal Palace,CRY,,,2026-05-02T14:00:00Z,False,False,3,3
344,2562238,35,5,94,Brentford,BRE,19,21,West Ham,WHU,,,2026-05-02T14:00:00Z,False,False,2,3
349,2562243,35,15,4,Newcastle,NEW,6,36,Brighton,BHA,,,2026-05-02T14:00:00Z,False,False,3,3
350,2562244,35,20,39,Wolves,WOL,17,56,Sunderland,SUN,,,2026-05-02T14:00:00Z,False,False,2,2
341,2562236,35,1,3,Arsenal,ARS,10,54,Fulham,FUL,,,2026-05-02T16:30:00Z,False,False,3,5
348,2562242,35,14,1,Man Utd,MUN,12,14,Liverpool,LIV,,,2026-05-03T14:30:00Z,False,False,3,4
345,2562239,35,7,8,Chelsea,CHE,16,17,Nott'm Forest,NFO,,,2026-05-04T14:00:00Z,False,False,2,3
346,2562240,35,9,11,Everton,EVE,13,43,Man City,MCI,,,2026-05-04T19:00:00Z,False,False,4,3
355,2562249,36,12,14,Liverpool,LIV,7,8,Chelsea,CHE,,,2026-05-09T11:30:00Z,False,False,3,4
351,2562245,36,6,36,Brighton,BHA,20,39,Wolves,WOL,,,2026-05-09T14:00:00Z,False,False,1,4
352,2562246,36,3,90,Burnley,BUR,2,7,Aston Villa,AVL,,,2026-05-09T14:00:00Z,False,False,3,2
353,2562247,36,8,31,Crystal Palace,CRY,9,11,Everton,EVE,,,2026-05-09T14:00:00Z,False,False,3,3
354,2562248,36,10,54,Fulham,FUL,4,91,Bournemouth,BOU,,,2026-05-09T14:00:00Z,False,False,3,3
358,2562252,36,17,56,Sunderland,SUN,14,1,Man Utd,MUN,,,2026-05-09T14:00:00Z,False,False,3,3
356,2562250,36,13,43,Man City,MCI,5,94,Brentford,BRE,,,2026-05-09T16:30:00Z,False,False,3,5
357,2562251,36,16,17,Nott'm Forest,NFO,15,4,Newcastle,NEW,,,2026-05-10T13:00:00Z,False,False,3,3
360,2562254,36,19,21,West Ham,WHU,1,3,Arsenal,ARS,,,2026-05-10T15:30:00Z,False,False,4,2
359,2562253,36,18,6,Spurs,TOT,11,2,Leeds,LEE,,,2026-05-11T19:00:00Z,False,False,2,2
361,2562256,37,1,3,Arsenal,ARS,3,90,Burnley,BUR,,,2026-05-17T14:00:00Z,False,False,1,5
362,2562257,37,2,7,Aston Villa,AVL,12,14,Liverpool,LIV,,,2026-05-17T14:00:00Z,False,False,3,4
363,2562255,37,4,91,Bournemouth,BOU,13,43,Man City,MCI,,,2026-05-17T14:00:00Z,False,False,4,3
364,2562258,37,5,94,Brentford,BRE,8,31,Crystal Palace,CRY,,,2026-05-17T14:00:00Z,False,False,3,3
365,2562259,37,7,8,Chelsea,CHE,18,6,Spurs,TOT,,,2026-05-17T14:00:00Z,False,False,2,3
366,2562260,37,9,11,Everton,EVE,17,56,Sunderland,SUN,,,2026-05-17T14:00:00Z,False,False,2,3
367,2562261,37,11,2,Leeds,LEE,6,36,Brighton,BHA,,,2026-05-17T14:00:00Z,False,False,3,3
368,2562262,37,14,1,Man Utd,MUN,16,17,Nott'm Forest,NFO,,,2026-05-17T14:00:00Z,False,False,2,4
369,2562263,37,15,4,Newcastle,NEW,19,21,West Ham,WHU,,,2026-05-17T14:00:00Z,False,False,2,3
370,2562264,37,20,39,Wolves,WOL,10,54,Fulham,FUL,,,2026-05-17T14:00:00Z,False,False,3,2
371,2562265,38,6,36,Brighton,BHA,14,1,Man Utd,MUN,,,2026-05-24T15:00:00Z,False,False,3,4
372,2562266,38,3,90,Burnley,BUR,20,39,Wolves,WOL,,,2026-05-24T15:00:00Z,False,False,1,2
373,2562267,38,8,31,Crystal Palace,CRY,1,3,Arsenal,ARS,,,2026-05-24T15:00:00Z,False,False,4,3
374,2562268,38,10,54,Fulham,FUL,15,4,Newcastle,NEW,,,2026-05-24T15:00:00Z,False,False,3,3
375,2562269,38,12,14,Liverpool,LIV,5,94,Brentford,BRE,,,2026-05-24T15:00:00Z,False,False,3,4
376,2562270,38,13,43,Man City,MCI,2,7,Aston Villa,AVL,,,2026-05-24T15:00:00Z,False,False,3,5
377,2562271,38,16,17,Nott'm Forest,NFO,4,91,Bournemouth,BOU,,,2026-05-24T15:00:00Z,False,False,3,3
379,2562273,38,18,6,Spurs,TOT,9,11,Everton,EVE,,,2026-05-24T15:00:00Z,False,False,3,2
378,2562272,38,17,56,Sunderland,SUN,7,8,Chelsea,CHE,,,2026-05-24T15:00:00Z,False,False,3,3
380,2562274,38,19,21,West Ham,WHU,11,2,Leeds,LEE,,,2026-05-24T15:00:00Z,False,False,2,2
